cell_type,pristina_gene,zebrafish_symbol,n_cells,mean_log1p_expression,detection_fraction,log2_fc_vs_other,detection_difference_vs_other,mean_expression_rank,is_target_population
anterior intestine,PrileiEVm011523t1,fuca1.1,1429,0.104230665,0.025892232330300895,-0.8504568,-0.036224332086876365,4,False
anterior intestine,PrileiEVm008813t1,hexb,1429,0.13034223,0.032190342897130846,-0.61106104,-0.025708430109003574,2,False
anterior intestine,PrileiEVm014063t1,ctsl.1,1429,0.5205358,0.12806158152554284,0.5404971,0.0506075937954817,2,False
anterior intestine,PrileiEVm014379t1,ctsbb,1429,0.086567946,0.021693491952414264,-0.031069681,0.0006045348971994852,2,False
anterior intestine,PrileiEVm012889t1,naga,1429,0.076248474,0.018894331700489844,-0.3665485,-0.011524891203395723,3,False
anterior/mid-intestine 1,PrileiEVm011523t1,fuca1.1,2419,0.15299259,0.036378668871434476,-0.56680095,-0.02727365773084898,2,False
anterior/mid-intestine 1,PrileiEVm008813t1,hexb,2419,0.12051104,0.028524183546920236,-0.7579315,-0.034396507117405925,5,False
anterior/mid-intestine 1,PrileiEVm014063t1,ctsl.1,2419,0.33586374,0.07895824720959049,-0.08999369,-0.0085454109701006,3,False
anterior/mid-intestine 1,PrileiEVm014379t1,ctsbb,2419,0.047582444,0.01116163704009921,-0.47422472,-0.013567657662856593,4,False
anterior/mid-intestine 1,PrileiEVm012889t1,naga,2419,0.07276152,0.017775940471269115,-0.44909167,-0.014708695174033806,4,False
anterior/mid-intestine 2,PrileiEVm011523t1,fuca1.1,514,2.5874352,0.5797665369649787,3.712423,0.5540198840298601,1,True
anterior/mid-intestine 2,PrileiEVm008813t1,hexb,514,2.4641495,0.5466926070038893,3.6672359,0.5217469610489744,1,True
anterior/mid-intestine 2,PrileiEVm014063t1,ctsl.1,514,1.5757418,0.357976653696497,2.1223307,0.2887467646931782,1,True
anterior/mid-intestine 2,PrileiEVm014379t1,ctsbb,514,0.8269717,0.18677042801556376,2.6600895,0.17532747115551112,1,True
anterior/mid-intestine 2,PrileiEVm012889t1,naga,514,1.0344597,0.23735408560311222,2.7768059,0.22099065729323691,1,True
caveolin+ cells,PrileiEVm011523t1,fuca1.1,278,0.046887614,0.01079136690647482,-1.2484524,-0.04714735175647782,8,False
caveolin+ cells,PrileiEVm008813t1,hexb,278,0.12864472,0.03237410071942445,-0.5566163,-0.022221999559127077,3,False
caveolin+ cells,PrileiEVm014063t1,ctsl.1,278,0.28056967,0.06834532374100719,-0.2701404,-0.01744854812528808,5,False
caveolin+ cells,PrileiEVm014379t1,ctsbb,278,0.033697683,0.007194244604316547,-0.52022356,-0.014421354281477325,6,False
caveolin+ cells,PrileiEVm012889t1,naga,278,0.04301427,0.01079136690647482,-0.6325933,-0.018400833650628244,9,False
crop,PrileiEVm011523t1,fuca1.1,438,0.082004584,0.02054794520547945,-0.9471194,-0.037761754170584444,6,False
crop,PrileiEVm008813t1,hexb,438,0.12550145,0.02968036529680365,-0.5856115,-0.025452930222198356,4,False
crop,PrileiEVm014063t1,ctsl.1,438,0.13927492,0.0319634703196347,-0.96593267,-0.05595485072404023,9,False
crop,PrileiEVm014379t1,ctsbb,438,0.028695539,0.00684931506849315,-0.5850005,-0.015045182946254388,7,False
crop,PrileiEVm012889t1,naga,438,0.046619006,0.01141552511415525,-0.60478765,-0.018079653558561573,6,False
gut progenitors,PrileiEVm011523t1,fuca1.1,1275,0.04448717,0.010196078431372546,-1.3745034,-0.053729717507458974,9,False
gut progenitors,PrileiEVm008813t1,hexb,1275,0.06489004,0.015686274509803918,-1.1262358,-0.04435383579353,8,False
gut progenitors,PrileiEVm014063t1,ctsl.1,1275,0.16682039,0.040000000000000036,-0.86778885,-0.05250438706442673,7,False
gut progenitors,PrileiEVm014379t1,ctsbb,1275,0.019374896,0.004705882352941176,-0.753772,-0.019109610251721573,8,False
gut progenitors,PrileiEVm012889t1,naga,1275,0.04549499,0.010980392156862742,-0.6679323,-0.020481127020875928,7,False
posterior intestine,PrileiEVm011523t1,fuca1.1,1109,0.114352845,0.02795311091073038,-0.7496899,-0.032459462763139435,3,False
posterior intestine,PrileiEVm008813t1,hexb,1109,0.08215871,0.020739404869251573,-0.95695835,-0.03770853226237858,7,False
posterior intestine,PrileiEVm014063t1,ctsl.1,1109,0.28388742,0.06853020739404872,-0.28114286,-0.019018908519506425,4,False
posterior intestine,PrileiEVm014379t1,ctsbb,1109,0.059824493,0.014427412082957615,-0.28039822,-0.00767474901723879,3,False
posterior intestine,PrileiEVm012889t1,naga,1109,0.089879625,0.021641118124436424,-0.2343597,-0.007951219793048692,2,False
stomach 1,PrileiEVm011523t1,fuca1.1,1526,0.098705284,0.026212319790301464,-0.90231454,-0.03629576873046968,5,False
stomach 1,PrileiEVm008813t1,hexb,1526,0.08642745,0.02228047182175624,-0.9574487,-0.03789812271687436,6,False
stomach 1,PrileiEVm014063t1,ctsl.1,1526,0.14349289,0.03866317169069464,-1.034198,-0.055810750918340035,8,False
stomach 1,PrileiEVm014379t1,ctsbb,1526,0.0366542,0.00982961992136304,-0.553345,-0.013594736232383518,5,False
stomach 1,PrileiEVm012889t1,naga,1526,0.05628447,0.015727391874180863,-0.56879103,-0.015461944220034152,5,False
stomach 2,PrileiEVm011523t1,fuca1.1,265,0.05880335,0.01509433962264151,-1.1332601,-0.042649318588306104,7,False
stomach 2,PrileiEVm008813t1,hexb,265,0.05919161,0.01509433962264151,-1.0870531,-0.03997909161901374,9,False
stomach 2,PrileiEVm014063t1,ctsl.1,265,0.18016227,0.045283018867924525,-0.72096133,-0.04116557926291752,6,False
stomach 2,PrileiEVm014379t1,ctsbb,265,0.0,0.0,-0.94602543,-0.02180685358255451,9,False
stomach 2,PrileiEVm012889t1,naga,265,0.044461973,0.011320754716981133,-0.61704373,-0.017829223031127384,8,False
